epoch,acc,loss,val_acc,val_loss
0,0.641808069617,3.22720385578,0.524671316147,3.23230361938
1,0.681055283243,2.56176263791,0.665932059288,2.68575763702
2,0.684622552077,2.27037926816,0.820022046566,1.58430457115
